<?xml version="1.0"?>
<modules_list theme="default-bootstrap"><modules type="trusted"><module name="ebay"/><module name="envoimoinscher"/><module name="hipay"/><module name="mailjet"/><module name="moneybookers"/><module name="ogone"/><module name="paypal"/><module name="twenga"/><module name="fianetsceau"/><module name="fianetfraud"/><module name="mondialrelay"/><module name="tntcarrier"/><module name="trustedshops"/><module name="authorizeaim"/><module name="cashondelivery"/><module name="fedexcarrier"/><module name="ganalytics"/><module name="prestafraud"/><module name="shoppingfluxexport"/><module name="upscarrier"/><module name="uspscarrier"/><module name="avalaratax"/><module name="autoupgrade"/><module name="socolissimo"/><module name="themeinstallator"/><module name="payulatam"/><module name="gamification"/><module name="gsitemap"/><module name="yotpo"/><module name="gadwords"/><module name="firstdata"/><module name="pagseguro"/><module name="paypalusa"/><module name="sendinblue"/><module name="shopgate"/><module name="realexredirect"/><module name="ferbuy"/><module name="bankwire"/><module name="blockwishlist"/><module name="carriercompare"/><module name="cheque"/><module name="dateofdelivery"/><module name="editorial"/><module name="favoriteproducts"/><module name="feeder"/><module name="followup"/><module name="gapi"/><module name="loyalty"/><module name="mailalerts"/><module name="newsletter"/><module name="productcomments"/><module name="pscleaner"/><module name="referralprogram"/><module name="sendtoafriend"/><module name="watermark"/><module name="sofortbanking"/><module name="ecopresto"/><module name="desjardins"/><module name="blockadvertising"/><module name="blockbanner"/><module name="blockbestsellers"/><module name="blockcart"/><module name="blockcategories"/><module name="blockcms"/><module name="blockcmsinfo"/><module name="blockcontact"/><module name="blockcontactinfos"/><module name="blockcurrencies"/><module name="blockcustomerprivacy"/><module name="blockfacebook"/><module name="blocklanguages"/><module name="blocklayered"/><module name="blocklink"/><module name="blockmanufacturer"/><module name="blockmyaccount"/><module name="blockmyaccountfooter"/><module name="blocknewproducts"/><module name="blocknewsletter"/><module name="blockpaymentlogo"/><module name="blockpermanentlinks"/><module name="blockreinsurance"/><module name="blockrss"/><module name="blocksearch"/><module name="blocksharefb"/><module name="blocksocial"/><module name="blockspecials"/><module name="blockstore"/><module name="blocksupplier"/><module name="blocktags"/><module name="blocktopmenu"/><module name="blockuserinfo"/><module name="blockviewed"/><module name="crossselling"/><module name="dashactivity"/><module name="dashgoals"/><module name="dashproducts"/><module name="dashtrends"/><module name="graphnvd3"/><module name="gridhtml"/><module name="homefeatured"/><module name="homeslider"/><module name="pagesnotfound"/><module name="productpaymentlogos"/><module name="productscategory"/><module name="producttooltip"/><module name="sekeywords"/><module name="socialsharing"/><module name="statsbestcategories"/><module name="statsbestcustomers"/><module name="statsbestmanufacturers"/><module name="statsbestproducts"/><module name="statsbestsuppliers"/><module name="statsbestvouchers"/><module name="statscarrier"/><module name="statscatalog"/><module name="statscheckup"/><module name="statsdata"/><module name="statsequipment"/><module name="statsforecast"/><module name="statslive"/><module name="statsnewsletter"/><module name="statsorigin"/><module name="statspersonalinfos"/><module name="statsproduct"/><module name="statsregistrations"/><module name="statssales"/><module name="statssearch"/><module name="statsstock"/><module name="statsvisits"/><module name="themeconfigurator"/><module name="trackingfront"/><module name="vatnumber"/><module name="simplifycommerce"/><module name="boxdropshipment"/><module name="prestastats"/><module name="cronjobs"/><module name="onboarding"/><module name="payplug"/><module name="pigmbhpaymill"/><module name="vtpayment"/><module name="yousticeresolutionsystem"/><module name="klikandpay"/><module name="dpdpoland"/><module name="erpillicopresta"/><module name="bluesnap"/><module name="loyaltylion"/><module name="sellstrom"/><module name="nostotagging"/><module name="paypalmx"/><module name="powatag"/><module name="olark"/><module name="easymarketing"/><module name="brinkscheckout"/><module name="dotpay"/><module name="sarbacanedesktop"/><module name="prestashippingeasy"/><module name="reforestaction"/><module name="expressmailing"/><module name="bpostshm"/><module name="ovhhosting"/><module name="dpdfrance"/><module name="mercadopagobr"/><module name="chronopost"/><module name="dpdgroup"/><module name="zeleriscarrier"/><module name="nimblepayment"/><module name="protectedshops"/><module name="advancedeucompliance"/><module name="eurovatgenerator"/><module name="shiptomyid"/><module name="liveperson"/><module name="stickngo"/><module name="securitypatch"/><module name="openpayprestashop"/><module name="mediafinanz"/><module name="creditfr"/><module name="oneandonehosting"/><module name="checkyourdata"/><module name="leguide"/><module name="banipmod"/><module name="pm_advancedpack"/><module name="upstrackingv2"/><module name="gshopping"/><module name="amazon"/><module name="pm_advancedsearch4"/><module name="dmuassocprodcat"/><module name="storemanager"/><module name="webcallback"/><module name="printlabels"/><module name="auctions"/><module name="priceminister"/><module name="allinone_rewards"/><module name="dmurealtimestats"/><module name="mynewsletter"/><module name="pm_seointernallinking"/><module name="ordertaxprofitreport"/><module name="productsbycategoryslider"/><module name="orderpreparation"/><module name="cdiscount"/><module name="siretcustomergroup"/><module name="totshowmailalerts"/><module name="pm_multiplefeatures"/><module name="pm_cachemanager"/><module name="lgabonos"/><module name="customfields"/><module name="groupinc"/><module name="ec_seo404"/><module name="wic_pushproductcms"/><module name="lgcookieslaw"/><module name="dmulistecommandes"/><module name="pushoncart"/><module name="hspointofsalepro"/><module name="cartabandonmentpro"/><module name="seoexpert"/><module name="giftcards"/><module name="veplatform"/><module name="livechatpro"/><module name="couponpop"/><module name="cart2cart"/><module name="quotation"/><module name="bridgeconnector"/><module name="koongoconnector"/><module name="massiveprices"/><module name="inmotion"/><module name="webhostinghub"/><module name="advbundle"/><module name="belvg_fastcheckout"/><module name="frcallback"/><module name="robokassa"/><module name="yamarket"/></modules></modules_list>
